id,hist_current,hist_xday,hist_30dpd,hist_60dpd,hist_npl,percentage,all_hist_current,all_hist_xday,all_hist_30dpd,all_hist_60dpd,all_hist_npl,all_hist_percentage,STATUS
0,16,0,0,0,0,1.0,16,0,0,0,0,1.0,1
1,22,0,0,0,0,1.0,22,0,0,0,0,1.0,1
2,22,0,0,0,0,1.0,22,0,0,0,0,1.0,1
3,22,0,0,0,0,1.0,22,0,0,0,0,1.0,1
4,22,0,0,0,0,1.0,22,0,0,0,0,1.0,1
5,22,0,0,0,0,1.0,22,0,0,0,0,1.0,1
6,22,0,0,0,0,1.0,22,0,0,0,0,1.0,1
7,22,0,0,0,0,1.0,22,0,0,0,0,1.0,1
8,25,5,0,0,0,0.8333,49,10,0,0,0,0.8305,1
9,22,16,0,0,0,0.5789,41,21,0,0,0,0.6613,1
10,1,0,0,0,0,1.0,1,0,0,0,0,1.0,0
11,1,0,0,0,0,1.0,1,0,0,0,0,1.0,1
12,1,0,0,0,0,1.0,1,0,0,0,0,1.0,0
13,32,10,0,0,0,0.7619,37,10,0,0,0,0.7872,1
14,1,0,0,0,0,1.0,1,0,0,0,0,1.0,1
15,1,0,0,0,0,1.0,1,0,0,0,0,1.0,1
16,32,10,0,0,0,0.7619,37,10,0,0,0,0.7872,1
17,2,1,0,0,0,0.6667,4,1,0,0,0,0.8,0
18,22,16,0,0,0,0.5789,41,21,0,0,0,0.6613,0
19,9,0,0,0,0,1.0,12,0,0,0,0,1.0,1
20,5,0,0,0,0,1.0,7,0,0,0,0,1.0,0
21,5,0,0,0,0,1.0,7,0,0,0,0,1.0,0
22,5,0,0,0,0,1.0,7,0,0,0,0,1.0,0
23,0,1,0,0,0,0.0,0,1,0,0,0,0.0,1
24,1,0,0,0,0,1.0,1,0,0,0,0,1.0,1
25,1,1,0,0,0,0.5,3,8,0,0,0,0.2727,1
26,5,0,0,0,0,1.0,8,0,0,0,0,1.0,0
27,16,0,0,0,0,1.0,16,0,0,0,0,1.0,1
28,1,2,0,0,0,0.3333,1,2,0,0,0,0.3333,0
29,25,5,0,0,0,0.8333,49,10,0,0,0,0.8305,0
30,1,0,0,0,0,1.0,1,0,0,0,0,1.0,1
31,4,0,0,0,0,1.0,4,0,0,0,0,1.0,1
32,4,0,0,0,0,1.0,4,0,0,0,0,1.0,1
33,1,4,1,0,0,0.1667,6,7,1,0,0,0.4286,0
34,1,4,1,0,0,0.1667,6,7,1,0,0,0.4286,0
35,1,4,1,0,0,0.1667,6,7,1,0,0,0.4286,0
36,1,4,1,0,0,0.1667,6,7,1,0,0,0.4286,0
37,1,0,0,0,0,1.0,1,0,0,0,0,1.0,0
38,1,0,0,0,0,1.0,1,0,0,0,0,1.0,1
39,1,0,0,0,0,1.0,1,0,0,0,0,1.0,1
40,5,0,0,0,0,1.0,13,1,0,0,0,0.9286,1
41,1,1,0,0,0,0.5,1,1,0,0,0,0.5,1
42,1,1,0,0,0,0.5,1,1,0,0,0,0.5,1
43,1,0,0,0,0,1.0,1,0,0,0,0,1.0,1
44,1,0,0,0,0,1.0,1,0,0,0,0,1.0,1
45,16,0,0,0,0,1.0,16,0,0,0,0,1.0,1
46,1,0,0,0,0,1.0,1,0,0,0,0,1.0,1
47,3,1,0,0,0,0.75,3,1,0,0,0,0.75,1
48,4,0,0,0,0,1.0,4,0,0,0,0,1.0,1
49,4,0,0,0,0,1.0,4,0,0,0,0,1.0,1
50,6,0,0,0,0,1.0,6,0,0,0,0,1.0,1
51,6,0,0,0,0,1.0,6,0,0,0,0,1.0,1
52,6,0,0,0,0,1.0,6,0,0,0,0,1.0,1
53,1,0,0,0,0,1.0,1,0,0,0,0,1.0,1
54,0,2,0,0,0,0.0,0,2,0,0,0,0.0,0
55,1,0,0,0,0,1.0,1,0,0,0,0,1.0,1
56,22,16,0,0,0,0.5789,41,21,0,0,0,0.6613,0
57,22,16,0,0,0,0.5789,41,21,0,0,0,0.6613,0
58,22,16,0,0,0,0.5789,41,21,0,0,0,0.6613,1
59,22,16,0,0,0,0.5789,41,21,0,0,0,0.6613,0
60,22,16,0,0,0,0.5789,41,21,0,0,0,0.6613,0
61,5,0,0,0,0,1.0,7,0,0,0,0,1.0,0
62,32,10,0,0,0,0.7619,37,10,0,0,0,0.7872,1
63,16,0,0,0,0,1.0,16,0,0,0,0,1.0,1
64,6,0,0,0,0,1.0,6,0,0,0,0,1.0,0
65,6,0,0,0,0,1.0,6,0,0,0,0,1.0,1
66,2,0,0,0,0,1.0,2,0,0,0,0,1.0,0
67,2,0,0,0,0,1.0,5,0,0,0,0,1.0,1
68,0,1,0,0,0,0.0,0,1,0,0,0,0.0,1
69,0,1,0,0,0,0.0,0,1,0,0,0,0.0,0
70,4,0,0,0,0,1.0,4,0,0,0,0,1.0,0
71,4,0,0,0,0,1.0,4,0,0,0,0,1.0,0
72,4,0,0,0,0,1.0,4,0,0,0,0,1.0,0
73,17,0,0,0,0,1.0,19,0,0,0,0,1.0,1
74,6,2,0,0,0,0.75,6,2,0,0,0,0.75,0
75,1,2,0,0,0,0.3333,1,2,0,0,0,0.3333,0
76,3,1,0,0,0,0.75,3,1,0,0,0,0.75,0
77,6,0,0,0,0,1.0,6,0,0,0,0,1.0,1
78,6,0,0,0,0,1.0,6,0,0,0,0,1.0,0
79,22,4,0,0,0,0.8462,37,6,0,0,0,0.8605,0
80,2,1,0,0,0,0.6667,6,2,0,0,0,0.75,0
81,2,1,0,0,0,0.6667,6,2,0,0,0,0.75,0
82,6,0,0,0,0,1.0,6,0,0,0,0,1.0,1
83,25,9,0,0,0,0.7353,50,15,0,0,0,0.7692,0
84,10,0,0,0,0,1.0,14,0,0,0,0,1.0,1
85,22,4,0,0,0,0.8462,37,6,0,0,0,0.8605,1
86,25,9,0,0,0,0.7353,50,15,0,0,0,0.7692,0
87,22,9,0,0,0,0.7097,49,21,0,0,0,0.7,0
88,22,4,0,0,0,0.8462,37,6,0,0,0,0.8605,1
89,6,0,0,0,0,1.0,6,0,0,0,0,1.0,1
90,6,0,0,0,0,1.0,6,0,0,0,0,1.0,1
91,5,0,0,0,0,1.0,9,0,0,0,0,1.0,1
92,2,2,0,0,0,0.5,4,2,0,0,0,0.6667,0
93,29,11,0,0,0,0.725,41,12,0,0,0,0.7736,1
94,17,0,0,0,0,1.0,19,0,0,0,0,1.0,1
95,25,9,0,0,0,0.7353,50,15,0,0,0,0.7692,0
96,25,9,0,0,0,0.7353,50,15,0,0,0,0.7692,0
97,2,0,0,0,0,1.0,4,0,0,0,0,1.0,1
98,22,4,0,0,0,0.8462,37,6,0,0,0,0.8605,0
99,22,4,0,0,0,0.8462,37,6,0,0,0,0.8605,1
100,5,0,0,0,0,1.0,5,0,0,0,0,1.0,0
101,6,0,0,0,0,1.0,6,0,0,0,0,1.0,1
102,3,1,1,0,0,0.6,9,1,1,0,0,0.8182,1
103,7,2,2,0,0,0.6364,23,3,2,0,0,0.8214,0
104,7,2,2,0,0,0.6364,23,3,2,0,0,0.8214,0
105,6,0,0,0,0,1.0,6,0,0,0,0,1.0,0
106,4,0,0,0,0,1.0,4,0,0,0,0,1.0,0
107,4,0,0,0,0,1.0,4,0,0,0,0,1.0,0
108,4,0,0,0,0,1.0,4,0,0,0,0,1.0,0
109,4,0,0,0,0,1.0,4,0,0,0,0,1.0,0
110,4,0,0,0,0,1.0,4,0,0,0,0,1.0,0
111,4,0,0,0,0,1.0,4,0,0,0,0,1.0,0
112,4,0,0,0,0,1.0,4,0,0,0,0,1.0,0
113,4,0,0,0,0,1.0,4,0,0,0,0,1.0,0
114,2,0,0,0,0,1.0,3,1,0,0,0,0.75,1
115,7,2,2,0,0,0.6364,23,3,2,0,0,0.8214,1
116,10,0,0,0,0,1.0,14,0,0,0,0,1.0,1
117,6,0,0,0,0,1.0,6,0,0,0,0,1.0,1
118,2,2,0,0,0,0.5,2,2,0,0,0,0.5,0
119,17,0,0,0,0,1.0,19,0,0,0,0,1.0,1
120,2,0,0,0,0,1.0,3,1,0,0,0,0.75,0
121,7,2,2,0,0,0.6364,23,3,2,0,0,0.8214,0
122,22,4,0,0,0,0.8462,37,6,0,0,0,0.8605,0
123,10,0,0,0,0,1.0,14,0,0,0,0,1.0,1
124,3,1,0,0,0,0.75,3,1,0,0,0,0.75,1
125,0,1,0,0,0,0.0,0,1,0,0,0,0.0,1
126,9,0,0,0,0,1.0,11,0,0,0,0,1.0,0
127,1,2,0,0,0,0.3333,1,2,0,0,0,0.3333,0
128,6,0,0,0,0,1.0,6,0,0,0,0,1.0,1
129,6,0,0,0,0,1.0,6,0,0,0,0,1.0,1
130,6,0,0,0,0,1.0,6,0,0,0,0,1.0,1
131,6,0,0,0,0,1.0,6,0,0,0,0,1.0,1
132,0,3,0,0,2,0.0,2,5,0,0,2,0.2222,1
133,29,11,0,0,0,0.725,41,12,0,0,0,0.7736,1
134,17,0,0,0,0,1.0,19,0,0,0,0,1.0,1
135,6,0,0,0,0,1.0,6,0,0,0,0,1.0,1
136,6,0,0,0,0,1.0,6,0,0,0,0,1.0,0
137,6,2,0,0,0,0.75,6,2,0,0,0,0.75,0
138,1,1,0,0,0,0.5,1,1,0,0,0,0.5,1
139,3,1,0,0,0,0.75,3,1,0,0,0,0.75,0
140,25,9,0,0,0,0.7353,50,15,0,0,0,0.7692,0
141,22,9,0,0,0,0.7097,49,21,0,0,0,0.7,1
142,3,0,1,0,1,0.6,5,0,1,0,1,0.7143,0
143,22,4,0,0,0,0.8462,37,6,0,0,0,0.8605,0
144,22,4,0,0,0,0.8462,37,6,0,0,0,0.8605,0
145,4,0,0,0,0,1.0,4,0,0,0,0,1.0,0
146,4,0,0,0,0,1.0,4,0,0,0,0,1.0,0
147,4,0,0,0,0,1.0,4,0,0,0,0,1.0,0
148,4,0,0,0,0,1.0,4,0,0,0,0,1.0,0
149,3,1,0,0,0,0.75,3,1,0,0,0,0.75,1
150,3,1,0,0,0,0.75,3,1,0,0,0,0.75,1
151,3,1,0,0,0,0.75,3,1,0,0,0,0.75,1
152,3,1,0,0,0,0.75,3,1,0,0,0,0.75,1
153,24,3,0,0,0,0.8889,41,6,0,0,0,0.8723,1
154,7,2,0,0,0,0.7778,7,2,0,0,0,0.7778,0
155,1,0,0,0,0,1.0,1,0,0,0,0,1.0,1
156,20,0,0,0,0,1.0,24,0,0,0,0,1.0,1
157,20,11,0,0,0,0.6452,51,17,0,0,0,0.75,0
158,4,3,2,0,0,0.4444,23,4,2,0,0,0.7931,0
159,23,7,0,0,0,0.7667,50,24,0,0,0,0.6757,1
160,23,7,0,0,0,0.7667,50,24,0,0,0,0.6757,1
161,3,2,0,0,0,0.6,3,2,0,0,0,0.6,0
162,1,0,0,0,0,1.0,1,0,0,0,0,1.0,0
163,6,10,0,0,0,0.375,6,10,0,0,0,0.375,0
164,6,10,0,0,0,0.375,6,10,0,0,0,0.375,0
165,6,10,0,0,0,0.375,6,10,0,0,0,0.375,0
166,13,0,0,0,0,1.0,13,0,0,0,0,1.0,1
167,13,0,0,0,0,1.0,13,0,0,0,0,1.0,1
168,4,3,2,0,0,0.4444,23,4,2,0,0,0.7931,0
169,7,2,0,0,0,0.7778,7,2,0,0,0,0.7778,0
170,3,1,1,0,0,0.6,9,1,1,0,0,0.8182,1
171,5,0,0,0,0,1.0,9,0,0,0,0,1.0,1
172,2,2,0,0,0,0.5,4,2,0,0,0,0.6667,1
173,29,10,0,0,0,0.7436,46,12,0,0,0,0.7931,0
174,7,0,0,0,0,1.0,7,0,0,0,0,1.0,1
175,13,0,0,0,0,1.0,13,0,0,0,0,1.0,0
176,13,0,0,0,0,1.0,13,0,0,0,0,1.0,1
177,13,0,0,0,0,1.0,13,0,0,0,0,1.0,1
178,20,0,0,0,0,1.0,24,0,0,0,0,1.0,1
179,13,0,0,0,0,1.0,13,0,0,0,0,1.0,1
180,13,0,0,0,0,1.0,13,0,0,0,0,1.0,1
181,24,3,0,0,0,0.8889,41,6,0,0,0,0.8723,0
182,7,0,0,0,0,1.0,7,0,0,0,0,1.0,1
183,7,2,0,0,0,0.7778,7,2,0,0,0,0.7778,0
184,6,10,0,0,0,0.375,6,10,0,0,0,0.375,0
185,6,10,0,0,0,0.375,6,10,0,0,0,0.375,0
186,6,10,0,0,0,0.375,6,10,0,0,0,0.375,0
187,6,10,0,0,0,0.375,6,10,0,0,0,0.375,0
188,6,10,0,0,0,0.375,6,10,0,0,0,0.375,0
189,20,0,0,0,0,1.0,24,0,0,0,0,1.0,1
190,0,1,0,0,2,0.0,2,5,0,0,2,0.2222,1
191,5,0,0,0,0,1.0,6,0,0,0,0,1.0,1
192,5,0,0,0,0,1.0,6,0,0,0,0,1.0,1
193,5,0,0,0,0,1.0,6,0,0,0,0,1.0,1
194,5,0,0,0,0,1.0,6,0,0,0,0,1.0,1
195,13,0,0,0,0,1.0,13,0,0,0,0,1.0,1
196,13,0,0,0,0,1.0,13,0,0,0,0,1.0,0
197,4,3,2,0,0,0.4444,23,4,2,0,0,0.7931,0
198,2,0,0,0,0,1.0,4,2,1,1,0,0.5,1
199,23,7,0,0,0,0.7667,50,24,0,0,0,0.6757,1
200,23,7,0,0,0,0.7667,50,24,0,0,0,0.6757,1
201,13,0,0,0,0,1.0,13,0,0,0,0,1.0,0
202,0,0,0,1,3,0.0,3,5,0,1,3,0.25,0
203,20,11,0,0,0,0.6452,51,17,0,0,0,0.75,1
204,10,0,0,0,0,1.0,18,0,0,0,0,1.0,0
205,29,10,0,0,0,0.7436,46,12,0,0,0,0.7931,1
206,3,1,0,0,0,0.75,3,1,0,0,0,0.75,1
207,3,1,0,0,0,0.75,3,1,0,0,0,0.75,1
208,3,1,0,0,0,0.75,3,1,0,0,0,0.75,1
209,3,1,0,0,0,0.75,3,1,0,0,0,0.75,1
210,3,1,0,0,0,0.75,3,1,0,0,0,0.75,1
211,3,1,0,0,0,0.75,3,1,0,0,0,0.75,0
212,7,2,0,0,0,0.7778,7,2,0,0,0,0.7778,0
213,6,0,0,0,0,1.0,6,0,0,0,0,1.0,1
214,6,0,0,0,0,1.0,6,0,0,0,0,1.0,1
215,20,0,0,0,0,1.0,24,0,0,0,0,1.0,1
216,0,0,0,1,3,0.0,3,5,0,1,3,0.25,0
217,2,0,0,0,0,1.0,5,0,0,0,0,1.0,1
218,2,0,0,0,0,1.0,4,0,0,0,0,1.0,1
219,5,0,0,0,0,1.0,6,0,0,0,0,1.0,0
220,13,0,0,0,0,1.0,13,0,0,0,0,1.0,1
221,13,0,0,0,0,1.0,13,0,0,0,0,1.0,1
222,13,0,0,0,0,1.0,13,0,0,0,0,1.0,1
223,13,0,0,0,0,1.0,13,0,0,0,0,1.0,1
224,6,10,0,0,0,0.375,6,10,0,0,0,0.375,0
225,6,10,0,0,0,0.375,6,10,0,0,0,0.375,0
226,6,10,0,0,0,0.375,6,10,0,0,0,0.375,0
227,6,10,0,0,0,0.375,6,10,0,0,0,0.375,0
228,3,2,0,0,0,0.6,3,2,0,0,0,0.6,1
229,20,11,0,0,0,0.6452,51,17,0,0,0,0.75,0
230,20,11,0,0,0,0.6452,51,17,0,0,0,0.75,0
231,20,11,0,0,0,0.6452,51,17,0,0,0,0.75,1
232,1,0,0,0,0,1.0,6,0,0,0,0,1.0,1
233,6,0,0,0,0,1.0,6,0,0,0,0,1.0,1
234,6,0,0,0,0,1.0,6,0,0,0,0,1.0,1
235,6,0,0,0,0,1.0,6,0,0,0,0,1.0,1
236,6,0,0,0,0,1.0,6,0,0,0,0,1.0,1
237,6,0,0,0,0,1.0,6,0,0,0,0,1.0,1
238,6,0,0,0,0,1.0,6,0,0,0,0,1.0,1
239,20,0,0,0,0,1.0,24,0,0,0,0,1.0,1
240,25,5,0,0,0,0.8333,53,25,0,0,0,0.6795,1
241,25,5,0,0,0,0.8333,53,25,0,0,0,0.6795,1
242,6,0,0,0,0,1.0,6,0,0,0,0,1.0,1
243,20,0,0,0,0,1.0,20,0,0,0,0,1.0,1
244,2,0,0,0,0,1.0,7,0,0,0,0,1.0,1
245,1,0,0,0,0,1.0,4,0,0,0,0,1.0,0
246,22,0,0,0,0,1.0,28,0,0,0,0,1.0,1
247,16,14,0,0,0,0.5333,51,20,0,0,0,0.7183,1
248,16,14,0,0,0,0.5333,51,20,0,0,0,0.7183,1
249,20,0,0,0,0,1.0,20,0,0,0,0,1.0,1
250,20,0,0,0,0,1.0,20,0,0,0,0,1.0,1
251,20,0,0,0,0,1.0,20,0,0,0,0,1.0,1
252,1,3,0,0,0,0.25,1,3,0,0,0,0.25,0
253,1,3,0,0,0,0.25,1,3,0,0,0,0.25,0
254,1,3,0,0,0,0.25,1,3,0,0,0,0.25,0
255,1,3,0,0,0,0.25,1,3,0,0,0,0.25,0
256,1,0,0,0,0,1.0,4,8,0,0,0,0.3333,0
257,22,0,0,0,0,1.0,28,0,0,0,0,1.0,1
258,22,0,0,0,0,1.0,28,0,0,0,0,1.0,1
259,21,3,0,0,0,0.875,41,8,0,0,0,0.8367,1
260,2,4,2,0,0,0.25,23,5,2,0,0,0.7667,0
261,1,0,0,0,0,1.0,1,0,0,0,0,1.0,1
262,1,0,0,0,0,1.0,4,8,0,0,0,0.3333,0
263,11,0,0,0,0,1.0,20,0,0,0,0,1.0,1
264,1,0,0,0,0,1.0,1,0,0,0,0,1.0,1
265,20,0,0,0,0,1.0,20,0,0,0,0,1.0,1
266,20,0,0,0,0,1.0,20,0,0,0,0,1.0,0
267,25,5,0,0,0,0.8333,53,25,0,0,0,0.6795,1
268,25,5,0,0,0,0.8333,53,25,0,0,0,0.6795,1
269,25,5,0,0,0,0.8333,53,25,0,0,0,0.6795,1
270,8,0,0,0,0,1.0,8,0,0,0,0,1.0,1
271,5,0,0,0,0,1.0,9,0,0,0,0,1.0,1
272,3,2,0,0,0,0.6,5,2,0,0,0,0.7143,1
273,3,3,0,0,0,0.5,3,3,0,0,0,0.5,0
274,1,0,0,0,0,1.0,1,0,0,0,0,1.0,1
275,22,0,0,0,0,1.0,28,0,0,0,0,1.0,1
276,3,0,0,0,0,1.0,14,1,0,0,0,0.9333,1
277,25,5,0,0,0,0.8333,53,25,0,0,0,0.6795,1
278,25,5,0,0,0,0.8333,53,25,0,0,0,0.6795,1
279,0,0,0,0,2,0.0,2,5,0,0,2,0.2222,0
280,6,1,0,0,0,0.8571,6,1,0,0,0,0.8571,1
281,16,14,0,0,0,0.5333,51,20,0,0,0,0.7183,1
282,8,0,0,0,0,1.0,8,0,0,0,0,1.0,1
283,2,1,0,0,0,0.6667,2,1,0,0,0,0.6667,1
284,2,0,0,0,0,1.0,5,0,0,0,0,1.0,1
285,29,7,0,0,0,0.8056,49,12,0,0,0,0.8033,1
286,21,3,0,0,0,0.875,41,8,0,0,0,0.8367,1
287,8,0,0,0,0,1.0,8,0,0,0,0,1.0,1
288,20,0,0,0,0,1.0,20,0,0,0,0,1.0,1
289,20,0,0,0,0,1.0,20,0,0,0,0,1.0,0
290,6,0,0,0,0,1.0,6,0,0,0,0,1.0,1
291,6,0,0,0,0,1.0,6,0,0,0,0,1.0,1
292,6,0,0,0,0,1.0,6,0,0,0,0,1.0,1
293,20,0,0,0,0,1.0,20,0,0,0,0,1.0,0
294,20,0,0,0,0,1.0,20,0,0,0,0,1.0,0
295,20,0,0,0,0,1.0,20,0,0,0,0,1.0,0
296,3,0,0,0,0,1.0,5,1,0,0,0,0.8333,1
297,25,5,0,0,0,0.8333,53,25,0,0,0,0.6795,1
298,16,14,0,0,0,0.5333,51,20,0,0,0,0.7183,1
299,20,0,0,0,0,1.0,20,0,0,0,0,1.0,0
300,20,0,0,0,0,1.0,20,0,0,0,0,1.0,1
301,20,0,0,0,0,1.0,20,0,0,0,0,1.0,0
302,20,0,0,0,0,1.0,20,0,0,0,0,1.0,0
303,16,14,0,0,0,0.5333,51,20,0,0,0,0.7183,1
304,16,14,0,0,0,0.5333,51,20,0,0,0,0.7183,0
305,16,14,0,0,0,0.5333,51,20,0,0,0,0.7183,1
306,34,0,0,0,0,1.0,43,0,0,0,0,1.0,1
307,34,0,0,0,0,1.0,43,0,0,0,0,1.0,1
308,34,0,0,0,0,1.0,43,0,0,0,0,1.0,1
309,34,0,0,0,0,1.0,43,0,0,0,0,1.0,1
310,34,0,0,0,0,1.0,43,0,0,0,0,1.0,1
311,34,0,0,0,0,1.0,43,0,0,0,0,1.0,1
312,34,0,0,0,0,1.0,43,0,0,0,0,1.0,1
313,8,0,0,0,0,1.0,8,0,0,0,0,1.0,1
314,8,0,0,0,0,1.0,8,0,0,0,0,1.0,1
315,6,0,0,0,0,1.0,6,0,0,0,0,1.0,1
316,6,0,0,0,0,1.0,6,0,0,0,0,1.0,1
317,6,0,0,0,0,1.0,6,0,0,0,0,1.0,1
318,10,12,0,0,0,0.4545,10,12,0,0,0,0.4545,1
319,25,5,0,0,0,0.8333,53,25,0,0,0,0.6795,1
320,21,3,0,0,0,0.875,41,8,0,0,0,0.8367,0
321,2,4,2,0,0,0.25,23,5,2,0,0,0.7667,0
322,0,1,0,0,0,0.0,2,1,0,0,0,0.6667,1
323,22,0,0,0,0,1.0,28,0,0,0,0,1.0,1
324,2,1,0,0,0,0.6667,2,1,0,0,0,0.6667,1
325,20,0,0,0,0,1.0,20,0,0,0,0,1.0,1
326,20,0,0,0,0,1.0,20,0,0,0,0,1.0,1
327,20,0,0,0,0,1.0,20,0,0,0,0,1.0,1
328,20,0,0,0,0,1.0,20,0,0,0,0,1.0,1
329,3,0,0,0,0,1.0,5,1,0,0,0,0.8333,1
330,25,5,0,0,0,0.8333,53,25,0,0,0,0.6795,1
331,4,1,0,0,0,0.8,4,1,0,0,0,0.8,0
332,11,0,0,0,0,1.0,14,0,0,0,0,1.0,1
333,9,15,0,0,0,0.375,51,24,0,0,0,0.68,1
334,6,0,0,0,0,1.0,6,0,0,0,0,1.0,1
335,6,0,0,0,0,1.0,6,0,0,0,0,1.0,1
336,6,0,0,0,0,1.0,6,0,0,0,0,1.0,1
337,6,0,0,0,0,1.0,6,0,0,0,0,1.0,1
338,2,4,0,0,0,0.3333,3,4,0,0,0,0.4286,0
339,2,4,0,0,0,0.3333,3,4,0,0,0,0.4286,0
340,34,0,0,0,0,1.0,34,0,0,0,0,1.0,1
341,34,0,0,0,0,1.0,34,0,0,0,0,1.0,0
342,34,0,0,0,0,1.0,34,0,0,0,0,1.0,1
343,23,9,0,0,0,0.7188,54,29,0,0,0,0.6506,1
344,23,9,0,0,0,0.7188,54,29,0,0,0,0.6506,1
345,20,8,0,0,0,0.7143,45,13,0,0,0,0.7759,0
346,20,8,0,0,0,0.7143,45,13,0,0,0,0.7759,1
347,23,0,0,0,0,1.0,31,0,0,0,0,1.0,1
348,9,15,0,0,0,0.375,51,24,0,0,0,0.68,0
349,2,0,0,0,0,1.0,5,0,0,0,0,1.0,1
350,11,0,0,0,0,1.0,14,0,0,0,0,1.0,1
351,2,1,0,0,0,0.6667,2,3,0,0,0,0.4,1
352,34,0,0,0,0,1.0,34,0,0,0,0,1.0,0
353,34,0,0,0,0,1.0,34,0,0,0,0,1.0,0
354,34,0,0,0,0,1.0,34,0,0,0,0,1.0,0
355,34,0,0,0,0,1.0,34,0,0,0,0,1.0,0
356,34,0,0,0,0,1.0,34,0,0,0,0,1.0,0
357,23,9,0,0,0,0.7188,54,29,0,0,0,0.6506,0
358,11,0,0,0,0,1.0,14,0,0,0,0,1.0,1
359,7,4,1,0,0,0.5833,11,4,1,0,0,0.6875,1
360,23,0,0,0,0,1.0,31,0,0,0,0,1.0,1
361,2,0,0,0,0,1.0,2,0,0,0,0,1.0,1
362,34,0,0,0,0,1.0,34,0,0,0,0,1.0,0
363,34,0,0,0,0,1.0,34,0,0,0,0,1.0,0
364,11,0,0,0,0,1.0,21,0,0,0,0,1.0,1
365,2,4,0,0,0,0.3333,3,4,0,0,0,0.4286,1
366,5,1,0,0,0,0.8333,5,1,0,0,0,0.8333,1
367,4,1,0,0,0,0.8,10,1,0,0,0,0.9091,1
368,20,8,0,0,0,0.7143,45,13,0,0,0,0.7759,0
369,20,8,0,0,0,0.7143,45,13,0,0,0,0.7759,0
370,20,8,0,0,0,0.7143,45,13,0,0,0,0.7759,1
371,20,8,0,0,0,0.7143,45,13,0,0,0,0.7759,1
372,20,8,0,0,0,0.7143,45,13,0,0,0,0.7759,1
373,20,8,0,0,0,0.7143,45,13,0,0,0,0.7759,1
374,8,1,0,0,0,0.8889,8,1,0,0,0,0.8889,1
375,8,1,0,0,0,0.8889,8,1,0,0,0,0.8889,1
376,8,1,0,0,0,0.8889,8,1,0,0,0,0.8889,1
377,8,1,0,0,0,0.8889,8,1,0,0,0,0.8889,1
378,11,0,0,0,0,1.0,14,0,0,0,0,1.0,1
379,34,0,0,0,0,1.0,34,0,0,0,0,1.0,1
380,34,0,0,0,0,1.0,34,0,0,0,0,1.0,1
381,34,0,0,0,0,1.0,34,0,0,0,0,1.0,0
382,3,5,2,0,0,0.3,24,7,2,0,0,0.7273,1
383,20,8,0,0,0,0.7143,45,13,0,0,0,0.7759,1
384,20,8,0,0,0,0.7143,45,13,0,0,0,0.7759,1
385,20,8,0,0,0,0.7143,45,13,0,0,0,0.7759,1
386,20,8,0,0,0,0.7143,45,13,0,0,0,0.7759,1
387,3,1,0,0,0,0.75,5,2,0,0,0,0.7143,1
388,20,8,0,0,0,0.7143,45,13,0,0,0,0.7759,0
389,20,8,0,0,0,0.7143,45,13,0,0,0,0.7759,0
390,20,8,0,0,0,0.7143,45,13,0,0,0,0.7759,0
391,23,0,0,0,0,1.0,31,0,0,0,0,1.0,1
392,5,1,0,0,0,0.8333,5,1,0,0,0,0.8333,1
393,2,2,0,0,0,0.5,5,3,0,0,0,0.625,1
394,11,0,0,0,0,1.0,14,0,0,0,0,1.0,1
395,2,1,0,0,0,0.6667,2,1,0,0,0,0.6667,1
396,34,0,0,0,0,1.0,34,0,0,0,0,1.0,1
397,9,15,0,0,0,0.375,51,24,0,0,0,0.68,0
398,9,15,0,0,0,0.375,51,24,0,0,0,0.68,0
399,23,9,0,0,0,0.7188,54,29,0,0,0,0.6506,1
400,0,0,0,0,1,0.0,2,5,0,0,2,0.2222,0
401,20,8,0,0,0,0.7143,45,13,0,0,0,0.7759,1
402,20,8,0,0,0,0.7143,45,13,0,0,0,0.7759,0
403,1,3,0,0,0,0.25,1,3,0,0,0,0.25,0
404,1,3,0,0,0,0.25,1,3,0,0,0,0.25,0
405,1,3,0,0,0,0.25,1,3,0,0,0,0.25,0
406,1,3,0,0,0,0.25,1,3,0,0,0,0.25,0
407,2,0,0,0,0,1.0,7,1,0,0,0,0.875,1
408,5,6,5,2,0,0.2778,42,13,5,2,0,0.6774,1
409,8,1,0,0,0,0.8889,8,1,0,0,0,0.8889,1
410,2,0,0,0,0,1.0,2,0,0,0,0,1.0,1
411,2,1,0,0,0,0.6667,2,1,0,0,0,0.6667,1
412,23,9,0,0,0,0.7188,54,29,0,0,0,0.6506,1
413,34,0,0,0,0,1.0,34,0,0,0,0,1.0,0
414,34,0,0,0,0,1.0,34,0,0,0,0,1.0,0
415,34,0,0,0,0,1.0,34,0,0,0,0,1.0,0
416,34,0,0,0,0,1.0,34,0,0,0,0,1.0,0
417,9,15,0,0,0,0.375,51,24,0,0,0,0.68,1
418,20,8,0,0,0,0.7143,45,13,0,0,0,0.7759,1
419,20,8,0,0,0,0.7143,45,13,0,0,0,0.7759,1
420,20,8,0,0,0,0.7143,45,13,0,0,0,0.7759,1
421,20,8,0,0,0,0.7143,45,13,0,0,0,0.7759,1
422,23,0,0,0,0,1.0,31,0,0,0,0,1.0,1
423,5,1,0,0,0,0.8333,6,1,0,0,0,0.8571,1
424,2,4,0,0,0,0.3333,3,4,0,0,0,0.4286,0
425,1,0,0,0,0,1.0,1,0,0,0,0,1.0,1
426,23,9,0,0,0,0.7188,54,29,0,0,0,0.6506,0
427,23,9,0,0,0,0.7188,54,29,0,0,0,0.6506,0
428,23,9,0,0,0,0.7188,54,29,0,0,0,0.6506,1
429,30,4,0,0,0,0.8824,52,12,0,0,0,0.8125,0
430,9,15,0,0,0,0.375,51,24,0,0,0,0.68,1
431,11,0,0,0,0,1.0,14,0,0,0,0,1.0,1
432,11,0,0,0,0,1.0,14,0,0,0,0,1.0,1
433,34,0,0,0,0,1.0,34,0,0,0,0,1.0,0
434,34,0,0,0,0,1.0,34,0,0,0,0,1.0,0
435,34,0,0,0,0,1.0,34,0,0,0,0,1.0,0
436,23,0,0,0,0,1.0,31,0,0,0,0,1.0,1
437,2,0,0,0,0,1.0,2,0,0,0,0,1.0,0
438,1,0,0,0,0,1.0,14,1,0,0,0,0.9333,1
439,24,0,0,0,0,1.0,36,0,0,0,0,1.0,1
440,39,0,0,0,0,1.0,60,0,0,0,0,1.0,1
441,39,0,0,0,0,1.0,60,0,0,0,0,1.0,1
442,39,0,0,0,0,1.0,60,0,0,0,0,1.0,1
443,39,0,0,0,0,1.0,60,0,0,0,0,1.0,1
444,2,0,0,0,0,1.0,2,0,0,0,0,1.0,1
445,7,16,0,0,0,0.3043,53,26,0,0,0,0.6709,0
446,1,3,4,2,0,0.1,42,13,5,2,0,0.6774,0
447,39,0,0,0,0,1.0,60,0,0,0,0,1.0,1
448,39,0,0,0,0,1.0,60,0,0,0,0,1.0,1
449,39,0,0,0,0,1.0,60,0,0,0,0,1.0,1
450,39,0,0,0,0,1.0,60,0,0,0,0,1.0,1
451,39,0,0,0,0,1.0,60,0,0,0,0,1.0,1
452,52,1,0,0,0,0.9811,52,1,0,0,0,0.9811,0
453,52,1,0,0,0,0.9811,52,1,0,0,0,0.9811,0
454,52,1,0,0,0,0.9811,52,1,0,0,0,0.9811,0
455,52,1,0,0,0,0.9811,52,1,0,0,0,0.9811,0
456,52,1,0,0,0,0.9811,52,1,0,0,0,0.9811,0
457,52,1,0,0,0,0.9811,52,1,0,0,0,0.9811,0
458,2,0,0,0,0,1.0,2,0,0,0,0,1.0,0
459,2,0,0,0,0,1.0,2,0,0,0,0,1.0,1
460,52,1,0,0,0,0.9811,52,1,0,0,0,0.9811,0
461,52,1,0,0,0,0.9811,52,1,0,0,0,0.9811,0
462,24,0,0,0,0,1.0,36,0,0,0,0,1.0,1
463,52,1,0,0,0,0.9811,52,1,0,0,0,0.9811,0
464,52,1,0,0,0,0.9811,52,1,0,0,0,0.9811,0
465,52,1,0,0,0,0.9811,52,1,0,0,0,0.9811,0
466,52,1,0,0,0,0.9811,52,1,0,0,0,0.9811,0
467,52,1,0,0,0,0.9811,52,1,0,0,0,0.9811,0
468,52,1,0,0,0,0.9811,52,1,0,0,0,0.9811,0
469,52,1,0,0,0,0.9811,52,1,0,0,0,0.9811,0
470,10,17,20,0,0,0.2128,10,17,20,0,0,0.2128,1
471,10,17,20,0,0,0.2128,10,17,20,0,0,0.2128,0
472,10,17,20,0,0,0.2128,10,17,20,0,0,0.2128,1
473,10,17,20,0,0,0.2128,10,17,20,0,0,0.2128,0
474,5,0,0,0,0,1.0,6,0,0,0,0,1.0,1
475,5,0,0,0,0,1.0,6,0,0,0,0,1.0,1
476,5,0,0,0,0,1.0,6,0,0,0,0,1.0,1
477,1,0,0,0,0,1.0,5,0,0,0,0,1.0,1
478,2,5,0,0,0,0.2857,4,5,0,0,0,0.4444,0
479,2,5,0,0,0,0.2857,4,5,0,0,0,0.4444,0
480,13,0,0,0,0,1.0,16,0,0,0,0,1.0,1
481,3,3,0,0,0,0.5,6,4,0,0,0,0.6,1
482,20,13,0,0,0,0.6061,47,18,0,0,0,0.7231,0
483,20,13,0,0,0,0.6061,47,18,0,0,0,0.7231,1
484,20,13,0,0,0,0.6061,47,18,0,0,0,0.7231,1
485,20,13,0,0,0,0.6061,47,18,0,0,0,0.7231,1
486,13,0,0,0,0,1.0,16,0,0,0,0,1.0,1
487,2,0,0,0,0,1.0,2,1,0,0,0,0.6667,1
488,1,5,1,0,0,0.1429,24,8,2,0,0,0.7059,0
489,20,13,0,0,0,0.6061,47,18,0,0,0,0.7231,1
490,20,13,0,0,0,0.6061,47,18,0,0,0,0.7231,1
491,7,2,0,0,0,0.7778,7,2,0,0,0,0.7778,1
492,2,2,0,0,0,0.5,2,4,0,0,0,0.3333,1
493,2,2,0,0,0,0.5,2,4,0,0,0,0.3333,1
494,13,0,0,0,0,1.0,16,0,0,0,0,1.0,1
495,7,2,0,0,0,0.7778,7,2,0,0,0,0.7778,0
496,52,1,0,0,0,0.9811,52,1,0,0,0,0.9811,0
497,10,17,20,0,0,0.2128,10,17,20,0,0,0.2128,0
498,10,17,20,0,0,0.2128,10,17,20,0,0,0.2128,0
499,10,17,20,0,0,0.2128,10,17,20,0,0,0.2128,0
500,10,17,20,0,0,0.2128,10,17,20,0,0,0.2128,0
501,23,9,0,0,0,0.7188,57,30,0,0,0,0.6552,1
502,20,13,0,0,0,0.6061,47,18,0,0,0,0.7231,1
503,10,17,20,0,0,0.2128,10,17,20,0,0,0.2128,0
504,10,17,20,0,0,0.2128,10,17,20,0,0,0.2128,0
505,10,17,20,0,0,0.2128,10,17,20,0,0,0.2128,0
506,24,0,0,0,0,1.0,40,0,0,0,0,1.0,1
507,12,1,0,0,0,0.9231,16,1,0,0,0,0.9412,1
508,8,17,0,0,0,0.32,57,27,0,0,0,0.6786,1
509,0,2,2,2,0,0.0,42,13,5,2,0,0.6774,0
510,1,1,0,0,0,0.5,2,1,0,0,0,0.6667,1
511,57,12,0,0,0,0.8261,58,12,0,0,0,0.8286,0
512,2,0,0,0,0,1.0,6,0,0,0,0,1.0,1
513,2,0,0,0,0,1.0,2,0,0,0,0,1.0,1
514,20,9,0,0,0,0.6897,61,30,0,0,0,0.6703,1
515,24,0,0,0,0,1.0,40,0,0,0,0,1.0,1
516,2,2,0,0,0,0.5,2,4,0,0,0,0.3333,1
517,1,0,0,0,0,1.0,7,1,0,0,0,0.875,1
518,1,0,0,0,0,1.0,7,1,0,0,0,0.875,1
519,20,9,0,0,0,0.6897,61,30,0,0,0,0.6703,0
520,20,9,0,0,0,0.6897,61,30,0,0,0,0.6703,0
521,19,15,0,0,0,0.5588,48,21,0,0,0,0.6957,0
522,3,0,0,0,0,1.0,6,0,0,0,0,1.0,1
523,0,1,0,0,0,0.0,0,1,0,0,0,0.0,1
524,0,1,0,0,0,0.0,0,1,0,0,0,0.0,0
525,3,1,0,0,0,0.75,5,2,0,0,0,0.7143,1
526,19,15,0,0,0,0.5588,48,21,0,0,0,0.6957,1
527,10,17,21,0,0,0.2083,10,17,21,0,0,0.2083,0
528,10,17,21,0,0,0.2083,10,17,21,0,0,0.2083,0
529,3,1,0,0,0,0.75,5,2,0,0,0,0.7143,1
530,3,1,0,0,0,0.75,5,2,0,0,0,0.7143,1
531,3,1,0,0,0,0.75,5,2,0,0,0,0.7143,1
532,2,0,0,0,0,1.0,6,0,0,0,0,1.0,1
533,19,15,0,0,0,0.5588,48,21,0,0,0,0.6957,0
534,19,15,0,0,0,0.5588,48,21,0,0,0,0.6957,1
535,19,15,0,0,0,0.5588,48,21,0,0,0,0.6957,1
536,24,0,0,0,0,1.0,40,0,0,0,0,1.0,1
537,57,12,0,0,0,0.8261,58,12,0,0,0,0.8286,1
538,2,0,0,0,0,1.0,2,0,0,0,0,1.0,1
539,3,1,0,0,0,0.75,5,2,0,0,0,0.7143,1
540,5,4,1,0,0,0.5,12,4,1,0,0,0.7059,1
541,1,0,0,0,0,1.0,3,1,0,0,0,0.75,1
542,3,0,0,0,0,1.0,6,0,0,0,0,1.0,1
543,3,0,0,0,0,1.0,6,0,0,0,0,1.0,1
544,3,0,0,0,0,1.0,6,0,0,0,0,1.0,1
545,20,9,0,0,0,0.6897,61,30,0,0,0,0.6703,0
546,20,9,0,0,0,0.6897,61,30,0,0,0,0.6703,0
547,16,1,0,0,0,0.9412,17,2,0,0,0,0.8947,1
548,16,1,0,0,0,0.9412,17,2,0,0,0,0.8947,1
549,57,12,0,0,0,0.8261,58,12,0,0,0,0.8286,1
550,0,1,0,0,0,0.0,0,1,0,0,0,0.0,1
551,3,0,0,0,0,1.0,6,0,0,0,0,1.0,1
552,3,0,0,0,0,1.0,6,0,0,0,0,1.0,1
553,1,7,1,0,0,0.1111,24,10,2,0,0,0.6667,0
554,1,7,1,0,0,0.1111,24,10,2,0,0,0.6667,0
555,19,15,0,0,0,0.5588,48,21,0,0,0,0.6957,1
556,24,0,0,0,0,1.0,40,0,0,0,0,1.0,1
557,3,1,0,0,0,0.75,3,2,0,0,0,0.6,1
558,0,2,2,2,0,0.0,6,9,3,2,0,0.3,1
559,0,2,2,2,0,0.0,6,9,3,2,0,0.3,1
560,3,1,0,0,0,0.75,3,2,0,0,0,0.6,1
561,1,0,0,0,0,1.0,1,0,0,0,0,1.0,1
562,0,2,2,2,0,0.0,42,13,5,2,0,0.6774,1
563,1,0,0,0,0,1.0,3,1,0,0,0,0.75,1
564,17,2,0,0,0,0.8947,54,12,0,0,0,0.8182,1
565,17,2,0,0,0,0.8947,54,12,0,0,0,0.8182,1
566,19,15,0,0,0,0.5588,48,21,0,0,0,0.6957,1
567,19,15,0,0,0,0.5588,48,21,0,0,0,0.6957,1
568,19,15,0,0,0,0.5588,48,21,0,0,0,0.6957,1
569,19,15,0,0,0,0.5588,48,21,0,0,0,0.6957,1
570,19,15,0,0,0,0.5588,48,21,0,0,0,0.6957,1
571,19,15,0,0,0,0.5588,48,21,0,0,0,0.6957,0
572,19,15,0,0,0,0.5588,48,21,0,0,0,0.6957,1
573,19,15,0,0,0,0.5588,48,21,0,0,0,0.6957,0
574,19,15,0,0,0,0.5588,48,21,0,0,0,0.6957,0
575,19,15,0,0,0,0.5588,48,21,0,0,0,0.6957,0
576,19,15,0,0,0,0.5588,48,21,0,0,0,0.6957,1
577,24,0,0,0,0,1.0,40,0,0,0,0,1.0,1
578,10,17,21,0,0,0.2083,10,17,21,0,0,0.2083,1
579,10,17,21,0,0,0.2083,10,17,21,0,0,0.2083,1
580,10,17,21,0,0,0.2083,10,17,21,0,0,0.2083,0
581,10,17,21,0,0,0.2083,10,17,21,0,0,0.2083,0
582,10,17,21,0,0,0.2083,10,17,21,0,0,0.2083,0
583,3,0,0,0,0,1.0,9,0,0,0,0,1.0,1
584,10,16,0,0,0,0.3846,60,31,0,0,0,0.6593,1
585,10,16,0,0,0,0.3846,60,31,0,0,0,0.6593,1
586,10,16,0,0,0,0.3846,60,31,0,0,0,0.6593,1
587,10,16,0,0,0,0.3846,60,31,0,0,0,0.6593,1
588,0,1,0,0,0,0.0,0,1,0,0,0,0.0,1
589,4,1,0,0,0,0.8,4,1,0,0,0,0.8,1
590,24,0,0,0,0,1.0,43,0,0,0,0,1.0,1
591,2,1,1,3,2,0.2222,8,3,1,3,2,0.4706,1
592,57,30,1,0,0,0.6477,63,30,1,0,0,0.6702,1
593,10,16,0,0,0,0.3846,60,31,0,0,0,0.6593,1
594,10,16,0,0,0,0.3846,60,31,0,0,0,0.6593,1
595,10,16,0,0,0,0.3846,60,31,0,0,0,0.6593,1
596,10,16,0,0,0,0.3846,60,31,0,0,0,0.6593,1
597,0,5,0,0,0,0.0,6,7,0,0,0,0.4615,0
598,3,0,0,0,0,1.0,3,0,0,0,0,1.0,1
599,3,1,0,0,0,0.75,7,1,0,0,0,0.875,1
600,2,1,1,3,2,0.2222,8,3,1,3,2,0.4706,1
601,1,0,0,0,0,1.0,1,0,0,0,0,1.0,1
602,4,1,0,0,0,0.8,4,2,0,0,0,0.6667,1
603,2,2,1,0,0,0.4,6,2,1,0,0,0.6667,0
604,24,0,0,0,0,1.0,43,0,0,0,0,1.0,1
605,9,17,21,0,0,0.1915,13,17,21,0,0,0.2549,0
606,1,0,0,0,0,1.0,1,0,0,0,0,1.0,1
607,1,0,0,0,0,1.0,1,0,0,0,0,1.0,1
608,1,0,0,0,0,1.0,1,0,0,0,0,1.0,1
609,1,0,0,0,0,1.0,3,0,0,0,0,1.0,1
610,4,3,0,0,0,0.5714,6,3,0,0,0,0.6667,1
611,9,17,21,0,0,0.1915,13,17,21,0,0,0.2549,1
612,24,0,0,0,0,1.0,43,0,0,0,0,1.0,1
613,24,0,0,0,0,1.0,43,0,0,0,0,1.0,1
614,1,0,0,0,0,1.0,3,0,0,0,0,1.0,1
615,1,0,0,0,0,1.0,3,0,0,0,0,1.0,1
616,57,30,1,0,0,0.6477,63,30,1,0,0,0.6702,1
617,57,30,1,0,0,0.6477,63,30,1,0,0,0.6702,1
618,24,0,0,0,0,1.0,43,0,0,0,0,1.0,1
619,1,0,0,0,0,1.0,1,0,0,0,0,1.0,1
620,1,1,1,3,2,0.125,8,3,1,3,2,0.4706,1
621,1,1,1,3,2,0.125,8,3,1,3,2,0.4706,1
622,2,0,0,0,0,1.0,4,0,0,0,0,1.0,1
623,1,0,0,0,0,1.0,1,0,0,0,0,1.0,1
624,1,0,0,0,0,1.0,1,0,0,0,0,1.0,1
625,12,14,0,0,0,0.4615,63,31,0,0,0,0.6702,1
626,12,14,0,0,0,0.4615,63,31,0,0,0,0.6702,1
627,17,1,0,0,0,0.9444,24,1,0,0,0,0.96,1
628,24,9,0,0,0,0.7273,74,33,0,0,0,0.6916,0
629,1,0,0,0,0,1.0,1,0,0,0,0,1.0,1
630,24,9,0,0,0,0.7273,74,33,0,0,0,0.6916,0
631,2,0,0,0,0,1.0,4,0,0,0,0,1.0,1
632,2,0,0,0,0,1.0,2,0,0,0,0,1.0,1
633,2,0,0,0,0,1.0,2,0,0,0,0,1.0,1
634,0,2,0,0,0,0.0,0,2,0,0,0,0.0,1
635,0,2,0,0,0,0.0,0,2,0,0,0,0.0,1
